git@github.com:AguaClara/aguaclara,9ee3d1d007bc984b73b19520d48954b6d81feecc,aguaclara,tests/core/test_cache.py::test_ac_cache
git@github.com:AguaClara/aguaclara_design,9ee3d1d007bc984b73b19520d48954b6d81feecc,aguaclara_design,tests/core/test_cache.py::test_ac_cache
git@github.com:AshtonUPS/Py-MI-PS,2d22327c75bac1b58a4804a61e7a703ecc5ba978,Py-MI-PS,src/PyMIPS/tests/register_test.py::test_setting_to_num
git@github.com:BastiTee/pype,b0dd086ed180e17b22c6e7b23a730af35ae0d0eb,pype,tests/integration/test_pype_pypes.py::TestCLIPypePypes::test_create_pype
git@github.com:BbsonLin/flask-request-logger,26b87d56cf1dffb3f8d6a2ca8c2b1873b9d6a65e,flask-request-logger,tests/test_logging.py::test_logging
git@github.com:Burnysc2/python-sc2,78d2ebe5c87aa9abc1e8a505f095ccd5e9dec358,python-sc2,test/test_pickled_data.py::test_bot_ai
git@github.com:Burnysc2/python-sc2,78d2ebe5c87aa9abc1e8a505f095ccd5e9dec358,python-sc2,test/test_pickled_ramp.py::TestClass::test_bot_ai
git@github.com:ConSou/devtracker,ea892d6d48aa5d4627b429469b59ae3f0ce7f10f,devtracker,devtracker/test_devtracker.py::test_end_time_total
git@github.com:ConSou/devtracker,ea892d6d48aa5d4627b429469b59ae3f0ce7f10f,devtracker,devtracker/test_devtracker.py::test_remove
git@github.com:DanielSank/observed,d99fb99ff2a470a86efb2763685e8e2c021e799f,observed,observed_test.py::TestBasics::test_discard
git@github.com:DevKeh/redisqueue,feac4dfc30837e0ab1a55a8479443ea74b2793f2,redisqueue,tests/test_redisqueue.py::test_mock_queue_connection
git@github.com:DevKeh/redisqueue,feac4dfc30837e0ab1a55a8479443ea74b2793f2,redisqueue,tests/test_redisqueue.py::test_mock_queue_unique
git@github.com:FoteinosMerg/pymerkle,5318009e04b2ae44e194b8435ef181aa67ab8b9a,pymerkle,tests/tree/test_structure.py::test_1_leaves
git@github.com:Geosyntec/wqio,8fcd57cc8b8365208eeee0162438307db0ca0dbb,wqio,wqio/tests/test_features.py::test_location_stats_arrays
git@github.com:KristianOellegaard/django-health-check,73e89fc3325a242eea6765e83b6bf568f72b8573,django-health-check,tests/test_views.py::TestMainView::test_warning
git@github.com:LeBarbouze/tunacell,837d57e1e6caeddf2e6bcdd2db2986fb456dd605,tunacell,tunacell/tests/test_filters.py::test_unroll
git@github.com:MiCHiLU/fanstatic-tools,c075a2195c8138d103b72ef8445ef08f2a865984,fanstatic-tools,fanstatic/test_core.py::test_register_inclusion_renderer
git@github.com:Neuraxio/Neuraxle,20c6e5713198345b43bf6899355f1b5cf65eb02c,Neuraxle,testing/test_resumable_pipeline.py::test_should_fit_each_steps
git@github.com:Neuraxio/Neuraxle,20c6e5713198345b43bf6899355f1b5cf65eb02c,Neuraxle,testing/test_resumable_pipeline.py::test_should_fit_transform_each_steps
git@github.com:Neuraxio/Neuraxle,20c6e5713198345b43bf6899355f1b5cf65eb02c,Neuraxle,testing/test_resumable_pipeline.py::test_should_transform_each_steps
git@github.com:Osirium/vcdriver,2f311df9a73c82b5837d01bac16a10eb4db955eb,vcdriver,test/unit/test_config.py::test_read
git@github.com:PolyJIT/benchbuild,2ab959e84fc9119813c46de1034ffaefc2ee391b,benchbuild,tests/integration/test_cli_slurm.py::test_slurm_command
git@github.com:Prodesire/pydu,4a1c2f15f7274d5079fb08b02ab1dbe08c0cefef,pydu,tests/test_iter.py::test_first_last
git@github.com:Prodesire/pydu,4a1c2f15f7274d5079fb08b02ab1dbe08c0cefef,pydu,tests/test_request.py::test_check_connect
git@github.com:Prodesire/pydu,4a1c2f15f7274d5079fb08b02ab1dbe08c0cefef,pydu,tests/test_system.py::TestWhich::test_cmd_path
git@github.com:Qordobacode/fitbert,4b0f2f3f47e5a3fea0ee59d65f71c44b830a93d9,fitbert,fitbert/tests.py::test_delemmatizes_lemmas
git@github.com:Qordobacode/fitbert,4b0f2f3f47e5a3fea0ee59d65f71c44b830a93d9,fitbert,fitbert/tests.py::test_delemmatizes_non_lemmas
git@github.com:Rickecr/PyGraph,e81c3a0f543f5bfcda1a603c6dcecde13d582c57,PyGraph,__tests__/test_simple_graph.py::TestSimpleGraph::test_add_vertex
git@github.com:Rickecr/PyGraph,e81c3a0f543f5bfcda1a603c6dcecde13d582c57,PyGraph,__tests__/test_simple_graph.py::TestSimpleGraph::test_delete_vertex
git@github.com:Rickecr/PyGraph,e81c3a0f543f5bfcda1a603c6dcecde13d582c57,PyGraph,__tests__/test_simple_graph.py::TestSimpleGraph::test_false_cycle_graph
git@github.com:Rickecr/PyGraph,e81c3a0f543f5bfcda1a603c6dcecde13d582c57,PyGraph,__tests__/test_simple_graph.py::TestSimpleGraph::test_false_regular_graph
git@github.com:Rickecr/PyGraph,e81c3a0f543f5bfcda1a603c6dcecde13d582c57,PyGraph,__tests__/test_simple_graph.py::TestSimpleGraph::test_is_terminal
git@github.com:Rickecr/PyGraph,e81c3a0f543f5bfcda1a603c6dcecde13d582c57,PyGraph,__tests__/test_simple_graph.py::TestSimpleGraph::test_num_vertex
git@github.com:Rickecr/PyGraph,e81c3a0f543f5bfcda1a603c6dcecde13d582c57,PyGraph,__tests__/test_simple_graph.py::TestSimpleGraph::test_true_cycle_graph
git@github.com:Rickecr/PyGraph,e81c3a0f543f5bfcda1a603c6dcecde13d582c57,PyGraph,__tests__/test_simple_graph.py::TestSimpleGraph::test_true_regular_graph
git@github.com:Rickecr/PyGraph,e81c3a0f543f5bfcda1a603c6dcecde13d582c57,PyGraph,__tests__/test_simple_graph.py::TestSimpleGraph::test_vertex_neighbors
git@github.com:Robpol86/etaprogress,224e8a248c2bf820bad218763281914ad3983fff,etaprogress,tests/test_progress_progressbar.py::test_defined_hour
git@github.com:Robpol86/etaprogress,224e8a248c2bf820bad218763281914ad3983fff,etaprogress,tests/test_progress_progressbarbits.py::test_defined_hour
git@github.com:Robpol86/etaprogress,224e8a248c2bf820bad218763281914ad3983fff,etaprogress,tests/test_progress_progressbarbytes.py::test_defined_hour
git@github.com:SurrealAI/symphony,747b87eee20d48032b4a554950687d0b1209fd24,symphony,test/test_config.py::TestConfig::test_register
git@github.com:SuryaSankar/flask-sqlalchemy-booster,e43980e29a18e725d791b87ce1b677470bbaf22c,flask-sqlalchemy-booster,tests/test_view_boosters/test_todo_list_api/test_api_endpoints.py::test_multi_users_creation
git@github.com:SuryaSankar/flask-sqlalchemy-booster,e43980e29a18e725d791b87ce1b677470bbaf22c,flask-sqlalchemy-booster,tests/test_view_boosters/test_todo_list_api/test_api_endpoints.py::test_user_creation
git@github.com:SuryaSankar/flask-sqlalchemy-booster,e43980e29a18e725d791b87ce1b677470bbaf22c,flask-sqlalchemy-booster,tests/test_view_boosters/test_todo_list_api/test_relationship_updates.py::test_list_relationship_new_item
git@github.com:Teamworksapp/pydbvolve,e18bb8cf98997c52de0cf30a8e106c480ba0bb57,pydbvolve,tests/unittests/test_00_initialization.py::test_11_log_file
git@github.com:Teamworksapp/pydbvolve,e18bb8cf98997c52de0cf30a8e106c480ba0bb57,pydbvolve,tests/unittests/test_01_migration_table.py::test_02_check_migration_table_bad_structure
git@github.com:Yelp/kafka-utils,bde091515d1dcdd56b9272a3ab01b54742a60253,kafka-utils,tests/kafka_rolling_restart/test_main.py::test_get_broker_list3
git@github.com:Yelp/kafka-utils,bde091515d1dcdd56b9272a3ab01b54742a60253,kafka-utils,tests/kafka_rolling_restart/test_main.py::test_wait_for_stable_cluster_success
git@github.com:Zabamund/wellpathpy,f29b14a9a1c46e77ea98b141e3cdc43674654ea2,wellpathpy,wellpathpy/test/test_location.py::test_zero
git@github.com:abeelen/nikamap,d39c488c89bf5d90fffe3c05580fc13551522ee5,nikamap,nikamap/tests/test_nikamap.py::test_nikamap_write
git@github.com:agile4you/bottle-neck.git,ebc670a4b178255473d68e9b4122ba04e38f4810,bottle-neck.git,test/test_routing.py::test_router_register_handler_fn_pass
git@github.com:aioworkers/aioworkers-prometheus,91915e094239ae01b3db432dbff5afd34ab36984,aioworkers-prometheus,tests/test_metric.py::test_counter
git@github.com:aioworkers/aioworkers-prometheus,91915e094239ae01b3db432dbff5afd34ab36984,aioworkers-prometheus,tests/test_service.py::test_port
git@github.com:airbrake/pybrake,9bf82941d8bf521055b258cea91596a11e4eb81f,pybrake,pybrake/test_celery_integration.py::test_celery_integration
git@github.com:aluttik/kitsune,43824cccf46f433a71b30a7febc0e3500b831067,kitsune,tests/test_kitsune.py::test_kitsune_printer_plain
git@github.com:bazaar-projects/docopt-ng,bbed40a2335686d2e14ac0e6c3188374dc4784da,docopt-ng,tests/test_docopt_ng.py::test_docopt_ng_more_magic_global_arguments_and_dot_access
git@github.com:benjaminp/six,c0be8815d13df45b6ae471c4c436cce8c192245d,six,test_six.py::test_lazy
git@github.com:bpepple/metron-tagger,2be176293218fa101dd84c95c72b8ae646b2731a,metron-tagger,tests/test_taggerlib_filesorter.py::test_sort_comic
git@github.com:butla/mountepy,796595f0011cc4a62cd7796dd71c3681008a4731,mountepy,tests/test_http_service.py::test_service_env_from_parent
git@github.com:cahoy/NestedDictionary,881f0ea8af36a60fcd1b9d7a84b1aec4cd7072b2,NestedDictionary,easy_dict/tests/test_01_default.py::test_del
git@github.com:chaosmail/python-fs,2567922ced9387e327e65f3244caff3b7af35684,pyfs,fs/tests/test_addpath.py::test_addpath
git@github.com:chaosmail/python-fs,2567922ced9387e327e65f3244caff3b7af35684,pyfs,fs/tests/test_mkdir.py::test_mkdir
git@github.com:chaosmail/python-fs,2567922ced9387e327e65f3244caff3b7af35684,pyfs,fs/tests/test_mkdir.py::test_mkdir_recursive
git@github.com:chaosmail/python-fs,2567922ced9387e327e65f3244caff3b7af35684,pyfs,fs/tests/test_mkdir.py::test_mkdir_recursive_fail
git@github.com:chaosmail/python-fs,2567922ced9387e327e65f3244caff3b7af35684,pyfs,fs/tests/test_rename.py::test_rename_directory
git@github.com:chaosmail/python-fs,2567922ced9387e327e65f3244caff3b7af35684,pyfs,fs/tests/test_rename.py::test_rename_file
git@github.com:chaosmail/python-fs,2567922ced9387e327e65f3244caff3b7af35684,pyfs,fs/tests/test_touch.py::test_touch_on_new_file
git@github.com:chie8842/expstock,28b7ece83fa601efd2b6c4b8b7bdd1a3b9ebc1df,expstock,expstock/test_expstock.py::test_append_param
git@github.com:codespell-project/codespell,cc51bbbe505cbc23eae32f52deb2cc7c8b33a0eb,codespell,codespell_lib/tests/test_dictionary.py::test_dictionary_looping
git@github.com:crumpstrr33/Utter-More,418cf5f5ef337700bf0897e746eff8bb275e6da6,utter-more,test/test_utter_more.py::test_ibu_aut
git@github.com:daknuett/ljson,1d3dc13001d9d2f61bcfbf9d5c5b16d44fb8076e,ljson,test/test_ljson_mem.py::test_unique_check
git@github.com:davidhalter/parso,6ae0efa415c9790000dba70f87e6ece20d6a4101,parso,test/test_cache.py::test_permission_error
git@github.com:demisto/demisto-sdk,925303e5c54fc3dda985ef19b6d56a956d189f69,demisto-sdk,demisto_sdk/commands/secrets/tests/secrets_test.py::TestSecrets::test_two_files_with_same_name
git@github.com:den4uk/jsonextra,e82c2e873b4d9c8105fd4e5ed43e7fae4fe6bc2c,jsonextra,tests/test_jsonextra.py::test_disable_rex
git@github.com:dgilland/pydash,4bbadc967b51518e300a1368357bbe71959313ec,pydash,tests/test_arrays.py::test_pop
git@github.com:dgilland/pydash,4bbadc967b51518e300a1368357bbe71959313ec,pydash,tests/test_arrays.py::test_pull_at
git@github.com:dgilland/pydash,4bbadc967b51518e300a1368357bbe71959313ec,pydash,tests/test_arrays.py::test_push
git@github.com:dgilland/pydash,4bbadc967b51518e300a1368357bbe71959313ec,pydash,tests/test_arrays.py::test_remove
git@github.com:dgilland/pydash,4bbadc967b51518e300a1368357bbe71959313ec,pydash,tests/test_arrays.py::test_shift
git@github.com:dgilland/pydash,4bbadc967b51518e300a1368357bbe71959313ec,pydash,tests/test_arrays.py::test_splice
git@github.com:dgilland/pydash,4bbadc967b51518e300a1368357bbe71959313ec,pydash,tests/test_arrays.py::test_unshift
git@github.com:dgilland/pydash,4bbadc967b51518e300a1368357bbe71959313ec,pydash,tests/test_objects.py::test_clone_deep_with
git@github.com:dgilland/pydash,4bbadc967b51518e300a1368357bbe71959313ec,pydash,tests/test_objects.py::test_for_in
git@github.com:dgilland/pydash,4bbadc967b51518e300a1368357bbe71959313ec,pydash,tests/test_objects.py::test_for_in_right
git@github.com:dgilland/pydash,4bbadc967b51518e300a1368357bbe71959313ec,pydash,tests/test_objects.py::test_map_values_deep
git@github.com:dgilland/pydash,4bbadc967b51518e300a1368357bbe71959313ec,pydash,tests/test_objects.py::test_merge_with
git@github.com:dgilland/pydash,4bbadc967b51518e300a1368357bbe71959313ec,pydash,tests/test_objects.py::test_unset
git@github.com:dgilland/pydash,4bbadc967b51518e300a1368357bbe71959313ec,pydash,tests/test_utilities.py::test_unique_id
git@github.com:dmuhs/mythx-cli,f6b3d20d51ca1cfaed3cd45226bd1074388d42b9,mythx-cli,tests/test_path_sanitize.py::test_sanitize_ast
git@github.com:drtexx/volux,c41339aceeab4295967ea88b2edd05d0d456b2ce,volux,tests/modules/test_voluxcliprint.py::Test_voluxcliprint::test_adding_module
git@github.com:drtexx/volux,c41339aceeab4295967ea88b2edd05d0d456b2ce,volux,tests/test_operator.py::Test_operator::test_add_module
git@github.com:drtexx/volux,c41339aceeab4295967ea88b2edd05d0d456b2ce,volux,tests/test_operator.py::Test_operator::test_remove_missing_module
git@github.com:drtexx/volux,c41339aceeab4295967ea88b2edd05d0d456b2ce,volux,tests/test_operator.py::Test_operator::test_remove_module
git@github.com:duncanmmacleod/gwopensci,06b56ce506fda3af4857c8a1aae7bb60fb1925e9,gwopensci,gwosc/tests/test_datasets.py::test_dataset_type_local
git@github.com:earthreader/libearth,71d2f3246eb0b6a3668a64e2242616d20b1d7dcd,libearth,tests/repository_test.py::test_repository
git@github.com:earthreader/libearth,71d2f3246eb0b6a3668a64e2242616d20b1d7dcd,libearth,tests/stage_test.py::test_set_dir_route
git@github.com:epsagon/epsagon-python,b985d8412848f9a0c98e2f15ae0967a6dba3517f,epsagon-python,tests/wrappers/test_python_function.py::test_python_wrapper_python_runner_factory_failed
git@github.com:eth-cscs/reframe,576eb3f1dcc015d1e6d7a10602c748d4f810da68,reframe,unittests/test_config.py::test_convert_old_config
git@github.com:fifman/tangle,a36cff74d7f09bf8f24a91929b844ea1be7b1bcd,tangle,tests/test_context.py::test_aspect
git@github.com:filestack/filestack-python,1bd6749735e5c78dde767e0685ddfdf0cd7423e2,filestack-python,tests/intelligent_ingestion_test.py::test_upload_part_with_resize
git@github.com:gdoumenc/coworks,c574654a1e3d1cd4ad56b6f5912631230c37fdf3,coworks,tests/example/test_example.py::TestClass::test_simple_example
git@github.com:gdoumenc/coworks,c574654a1e3d1cd4ad56b6f5912631230c37fdf3,coworks,tests/src/cws/test_scons.py::TestClass::test_zip
git@github.com:giganticode/dataprep,bb1d3731a39d221f2a037aaadc747a29a5e76c8d,dataprep,tests/infrastructure/test_bperegistry.py::test_none
git@github.com:goodmami/penman,e83cf6d006724d72a3e19a955aad94412da912b7,Penman,tests/test_layout.py::test_rearrange
git@github.com:grabbles/grabbit,83ff93df36019eaaee9d4e31f816a518e46cae07,grabbit,grabbit/tests/test_core.py::test_merge_layouts
git@github.com:gradam/lol_api,33ea96f5eeac581737949b733d8af1c4436e94b9,lol_api,tests/test_daemon.py::TestDaemon::test_different_api_key
git@github.com:gradam/lol_api,33ea96f5eeac581737949b733d8af1c4436e94b9,lol_api,tests/test_daemon.py::TestDaemon::test_short
git@github.com:gwpy/gwosc,06b56ce506fda3af4857c8a1aae7bb60fb1925e9,gwosc,gwosc/tests/test_datasets.py::test_dataset_type_local
git@github.com:hbradleyiii/ext_pylib,15a9b5a80db87b5f20e03ef6bfa015acf4bf8543,ext_pylib,tests/files/test_node.py::test_node_get_atts
git@github.com:heavenshell/py-autodoc,001d5ff03d41a5d714075eb08e666c413d50f0ac,autodoc,examples/test_pytest.py::test_post
git@github.com:hefnawi/json-storage-manager,c7521fc4a576cf23a8c2454106bed6fb8c951b8d,json-storage-manager,tests/test_main.py::test_set_item
git@github.com:heilaaks/snippy,904439ca1fc29edc06c48da66e7663e18e0aea99,snippy,tests/test_api_search_reference.py::TestApiSearchReference::test_api_search_reference_012
git@github.com:heilaaks/snippy,904439ca1fc29edc06c48da66e7663e18e0aea99,snippy,tests/test_api_search_snippet.py::TestApiSearchSnippet::test_api_search_snippet_016
git@github.com:heilaaks/snippy,904439ca1fc29edc06c48da66e7663e18e0aea99,snippy,tests/test_api_search_solution.py::TestApiSearchSolution::test_api_search_solution_016
git@github.com:hypoport/python-aws-dataclasses,30bfe90457a83957d10ec18fe7d61439b5b74280,python-aws-dataclasses,tests/test_sns_event.py::test_can_handle_missing_fields
git@github.com:irmen/Tale,a2a26443465ab6978b32d9253e833471500e7b68,Tale,tests/test_commands.py::TestCommandDecorators::test_cmd_decorator
git@github.com:irmen/Tale,a2a26443465ab6978b32d9253e833471500e7b68,Tale,tests/test_commands.py::TestCommandDecorators::test_no_duplicates
git@github.com:j0057/github-release,067d7f1f557e16c4db57696d30732d566e314a45,github-release,tests/test_cli.py::test_cli_arguments
git@github.com:jnoortheen/dynamic-conf,42257f06a66765ac4f5de1c6a4637f4db779c5ab,dynamic-conf,tests/test_conf.py::test_singleton
git@github.com:joblib/joblib,440b1b899d357a9db6526ca87051a77963b33631,joblib,joblib/test/test_memory.py::test_argument_change
git@github.com:joblib/joblib,440b1b899d357a9db6526ca87051a77963b33631,joblib,joblib/test/test_memory.py::test_memory_file_modification
git@github.com:joblib/joblib,440b1b899d357a9db6526ca87051a77963b33631,joblib,joblib/test/test_parallel.py::test_memmapping_leaks
git@github.com:josiest/geom,d12b381706ee620cba1c6a6cb45ab7815e5a1dc9,geom,test_geom.py::test_epsilon
git@github.com:josiest/geom,d12b381706ee620cba1c6a6cb45ab7815e5a1dc9,geom,test_geom.py::test_veceq
git@github.com:jounderwood/django-hug,778b16f568ce9fdb01f360b7bff89c9d8b6c2ef7,django-hug,tests/test_settings.py::test_camelcased_response_data_ok
git@github.com:jounderwood/django-hug,778b16f568ce9fdb01f360b7bff89c9d8b6c2ef7,django-hug,tests/test_settings.py::test_register_request_formatters_ok
git@github.com:jounderwood/django-hug,778b16f568ce9fdb01f360b7bff89c9d8b6c2ef7,django-hug,tests/test_settings.py::test_register_response_formatters_ok
git@github.com:jounderwood/django-hug,778b16f568ce9fdb01f360b7bff89c9d8b6c2ef7,django-hug,tests/test_settings.py::test_response_additional_headers_ok
git@github.com:june3474/skelpy,0e64eccdc5211dbec664e7d3f9d07c6020651b63,skelpy,tests/test_helpers.py::test_remove_comment_line_in_file
git@github.com:june3474/skelpy,0e64eccdc5211dbec664e7d3f9d07c6020651b63,skelpy,tests/test_package.py::test_create_package_dir
git@github.com:june3474/skelpy,0e64eccdc5211dbec664e7d3f9d07c6020651b63,skelpy,tests/test_package.py::test_write_init
git@github.com:june3474/skelpy,0e64eccdc5211dbec664e7d3f9d07c6020651b63,skelpy,tests/test_test.py::test_create_config_files
git@github.com:juntossomosmais/regex4ocr,9f96e9c6fe6ffc3e1452b23103fdfa6a0f1dcede,regex4ocr,tests/integration/test_type_casting.py::test_validate_types_no_removal
git@github.com:kellylab/Fireworks,ff027cd8d1b8ce5eec6a37d786e7de675d8c0849,fireworks,fireworks/core/message_test.py::test_Message_set_get
git@github.com:kenkundert/engfmt,b908ef69aa7941e561019e24f969703f3234753b,engfmt,test_quantity.py::test_number_recognition
git@github.com:kenkundert/engfmt,b908ef69aa7941e561019e24f969703f3234753b,engfmt,test_text_processing.py::test_text_processing
git@github.com:kevinarpe/kevinarpe-rambutan3,5d7469912b559338dc15f5c7fb2abc91103ea0c5,kevinarpe-rambutan3,tests/check_args/base/test_RNotNoneTypeMatcher.py::test_check_arg
git@github.com:ktnrg45/pyps4-2ndscreen,457dc9c3f04017569d52bae7390ea2fc54e96ce5,pyps4-2ndscreen,tests/test_media_art.py::test_result_item_missing_data
git@github.com:ktnrg45/pyps4-homeassistant,457dc9c3f04017569d52bae7390ea2fc54e96ce5,pyps4-homeassistant,tests/test_media_art.py::test_result_item_missing_data
git@github.com:mahmoud/lithoxyl,9961553a065a1ad8bb7a2407fe74f2cfd6c79a20,lithoxyl,lithoxyl/tests/test_stats.py::test_acc_random
git@github.com:mahmoud/lithoxyl,9961553a065a1ad8bb7a2407fe74f2cfd6c79a20,lithoxyl,lithoxyl/tests/test_stats.py::test_momentacc_norm
git@github.com:metachris/logzero,b5d49fc2b118c370994c4ae5360d7c246d43ddc8,logzero,tests/test_logzero.py::test_default_logger_stderr_output
git@github.com:metachris/logzero,b5d49fc2b118c370994c4ae5360d7c246d43ddc8,logzero,tests/test_logzero.py::test_write_to_logfile_and_stderr
git@github.com:miLibris/flask-rest-jsonapi,b44bc08b11213d49fadae873650d3555889052ec,flask-rest-jsonapi,tests/test_sqlalchemy_data_layer.py::test_api
git@github.com:miLibris/flask-rest-jsonapi,b44bc08b11213d49fadae873650d3555889052ec,flask-rest-jsonapi,tests/test_sqlalchemy_data_layer.py::test_api_resources
git@github.com:michaelorionmcmanus/tight,34a332dd6096807e373ea8050df4f795411e6b74,tight,tests/unit/providers/aws/clients/test_dynamo_db_unit.py::test_dynamo_db_connect_ci
git@github.com:michaelorionmcmanus/tight,34a332dd6096807e373ea8050df4f795411e6b74,tight,tests/unit/providers/aws/clients/test_dynamo_db_unit.py::test_dynamo_db_connect_prod
git@github.com:michaelpb/stowage,7c619be755b9b73fd202367bcf9014472f318834,stowage,test/test_stowage.py::TestPathGenerators::test_partially_needed_symlink_walk
git@github.com:mnmelo/lazy_import,29c74c83e90adff62d363220fee8cf7d6f0dd3c9,lazy_import,lazy_import/test_lazy.py::test_lazyload
git@github.com:mozilla/PyPOM,9cb84df9d27b428b4e7423d1bbe6502e92990154,PyPOM,tests/test_driver.py::test_register_driver
git@github.com:mtik00/yamicache,1109d08b18be94bdee55e113309f7be29f25d840,yamicache,tests/test_collide.py::test_avoid_collision
git@github.com:mtik00/yamicache,1109d08b18be94bdee55e113309f7be29f25d840,yamicache,tests/test_noclass.py::test_main
git@github.com:mtik00/yamicache,1109d08b18be94bdee55e113309f7be29f25d840,yamicache,tests/test_serialization.py::test_serialization
git@github.com:napalm-automation/napalm,0e23a55f52221e528be66c1f06a141f937e842f7,napalm,test/base/validate/test_unit.py::TestValidate::test__compare_getter_list
git@github.com:nficano/pytube,b610f399722e001e99ee88d3673c148d903c5948,pytube,tests/test_streams.py::test_on_progress_hook
git@github.com:nilp0inter/threadedprocess,0120d6e795782c9f527397490846cd214d9196e1,threadedprocess,test_threadedprocess.py::test_all_futures_execute_in_parallel_if_possible
git@github.com:numberoverzero/bloop,7ee0b0e20935dd0f396e758e7b0c26c76a316338,bloop,tests/unit/test_util.py::test_ordered_iterable
git@github.com:omersaraf/IOCynergy,1821423680f741d8ca06bcc6a02c8b21156f9ba0,IOCynergy,cynergy/tests/test_life_cycle.py::test_multi
git@github.com:oskar456/dzonegit,8f952086aa41aee4ebb7432926ed8c6a9211ac9f,dzonegit,test_dzonegit.py::test_get_head
git@github.com:oskar456/dzonegit,8f952086aa41aee4ebb7432926ed8c6a9211ac9f,dzonegit,test_dzonegit.py::test_get_zone_name
git@github.com:oskar456/dzonegit,8f952086aa41aee4ebb7432926ed8c6a9211ac9f,dzonegit,test_dzonegit.py::test_post_receive
git@github.com:oz123/blogit,15b94969fa43aaf8dc677a8184b144ae8c0f7700,blogit,tests/test_all.py::test_find_new_posts_and_pages
git@github.com:oz123/blogit,15b94969fa43aaf8dc677a8184b144ae8c0f7700,blogit,tests/test_all.py::test_tag_post_ids
git@github.com:pedrovanzella/do-the-webp,09b372de1c4f1d73d9284517c57c0d869f55144b,do-the-webp,tests/test_compressor.py::test_compress_dir
git@github.com:politeauthority/docker-pretty-ps,2fcc9db4e391df2b96ccc2e967b41b6263fdcc2d,docker-pretty-ps,tests/test_dockerprettyps.py::TestDockerPrettyPs::test_give_json
git@github.com:popadi/git-profiles,ca20173f63f57c21868c4c49c1e5c515d4bc87fd,git-profiles,tests/test_add_profile.py::TestAddProfile::test_add_profile_no_param
git@github.com:prancer-io/cloud-validation-framework,94522590d9881a5125d81da701a65f7f63383c0d,cloud-validation-framework,tests/processor/connector/test_snapshot_azure.py::test_populate_azure_snapshot
git@github.com:prymitive/upaas-common,7a7d9ffb385151092c637c3ef500a79623c005ae,upaas-common,tests/test_storage_local.py::test_dir_exists
git@github.com:pustotnik/zenmake,6cff05114cea34fc204d9e95422f11dc25cd1228,zenmake,tests/test_waf_assist.py::testUsedWafTaskKeys
git@github.com:pwwang/pymedoo,e4fa7572e3f1f0365cdc409042c27324105f9768,pymedoo,tests/test_builder.py::TestBuilder::testUnion
git@github.com:pwwang/pymedoo,e4fa7572e3f1f0365cdc409042c27324105f9768,pymedoo,tests/test_builder.py::TestBuilder::test_exists
git@github.com:pwwang/pymedoo,e4fa7572e3f1f0365cdc409042c27324105f9768,pymedoo,tests/test_builder.py::TestBuilder::test_from
git@github.com:pwwang/pymedoo,e4fa7572e3f1f0365cdc409042c27324105f9768,pymedoo,tests/test_builder.py::TestBuilder::test_insert
git@github.com:pwwang/pymedoo,e4fa7572e3f1f0365cdc409042c27324105f9768,pymedoo,tests/test_builder.py::TestBuilder::test_select
git@github.com:pwwang/pymedoo,e4fa7572e3f1f0365cdc409042c27324105f9768,pymedoo,tests/test_builder.py::TestBuilder::test_union
git@github.com:pwwang/pymedoo,e4fa7572e3f1f0365cdc409042c27324105f9768,pymedoo,tests/test_record.py::TestRecord::testDelitem
git@github.com:pwwang/pyparam,837291606842b55dd3adfde552ddff2c5adce719,pyparam,tests/test_pyparam.py::test_param_checkout
git@github.com:pwwang/python-varname,529a90b6e8bc090117ba617424abb9e1a2d0c002,python-varname,tests/test_varname.py::test_unusual
git@github.com:pypyr-scheduler/pypyr-scheduler,511841de41eec03e847f8519f6192fc71d65dec3,pypyr-scheduler,tests/test_server.py::TestServer::test_authkey_no_env
git@github.com:python-dugong/python-dugong,00dd4d5aab6eddb116cace2829a9f93bda153664,python-dugong,test/test_aio.py::test_aio_future
git@github.com:python-odin/odinweb,198424133584acc18cb41c8d18d91f803abc810f,odinweb,tests/test_data_structures.py::TestMultiDict::test_get_list
git@github.com:qiyangduan/schemaindex,83bfb96c78d194370b068e11f89a9e4d6af48a46,schemaindex,test/test_plugin_mysql_hdfs.py::test_plugin_hdfs_add
git@github.com:qiyangduan/schemaindex,83bfb96c78d194370b068e11f89a9e4d6af48a46,schemaindex,test/test_plugin_mysql_hdfs.py::test_plugin_loading
git@github.com:qiyangduan/schemaindex,83bfb96c78d194370b068e11f89a9e4d6af48a46,schemaindex,test/test_plugin_mysql_hdfs.py::test_plugin_mysql_add
git@github.com:raamana/pyradigm,01d47cf34a9af4bb104e2891559059a522221b4d,pyradigm,pyradigm/tests/test_BaseDataset_common_behaviours.py::test_sanity_checks
git@github.com:rorymurdock/basic_auth,622f2133c13988cec549f4ea55bed14e50f90876,basic_auth,tests/test_basic.py::test_check_config_dir
git@github.com:saabeilin/kafkian,79eb88b874876632590fea48afcab09592c717dd,kafkian,tests/unit/test_consumer_errors.py::test_consumer_generator_raises_and_closed_on_error
git@github.com:samuelduchesne/pyTrnsysType,6cf552e4ccd66f7b728e84654e580befe2061114,pyTrnsysType,tests/test_xml.py::TestTrnsysModel::test_connect_eqcollection_to_type
git@github.com:samuelduchesne/pyTrnsysType,6cf552e4ccd66f7b728e84654e580befe2061114,pyTrnsysType,tests/test_xml.py::TestTrnsysModel::test_copy_trnsys_model
git@github.com:samuelduchesne/pyTrnsysType,6cf552e4ccd66f7b728e84654e580befe2061114,pyTrnsysType,tests/test_xml.py::TestTrnsysModel::test_cycles_2
git@github.com:santoshphilip/eppy,98e58583dce6c0fcec9c7b1ff1142bae0a67ddc7,eppy,eppy/tests/EPlusInterfaceFunctions_tests/test_iddgroups.py::test_group2commlst
git@github.com:santoshphilip/eppy,98e58583dce6c0fcec9c7b1ff1142bae0a67ddc7,eppy,eppy/tests/test_examples.py::test_addobject
git@github.com:santoshphilip/eppy,98e58583dce6c0fcec9c7b1ff1142bae0a67ddc7,eppy,eppy/tests/test_examples.py::test_pythonic
git@github.com:santoshphilip/eppy,98e58583dce6c0fcec9c7b1ff1142bae0a67ddc7,eppy,eppy/tests/test_idfreader.py::test_convertallfields
git@github.com:seanbreckenridge/keepassxc-pwned,aead83c1749b62006a28526905d8fee5cd2ae902,keepassxc-pwned,tests/test_user_input.py::test_user_input_password_not_found
git@github.com:seanpar203/event-bus,5353d6472926a299ab4f3a8c33114a725d5b7639,event-bus,tests/test_event_emit.py::test_event_emit
git@github.com:seanpar203/event-bus,5353d6472926a299ab4f3a8c33114a725d5b7639,event-bus,tests/test_subscribed_removal.py::test_suscribed_event_was_removed
git@github.com:sjoerdk/anonapi,5e70dfd9fcb7dcc4e2345a6a153d9530f4886e73,anonapi,tests/test_cli_create.py::test_job_parameter_set
git@github.com:solegalli/feature_engine,ba4d7050b3923d620c1773b66cd4c51ed24498dd,feature_engine,tests/test_missing_data_imputer.py::test_CategoricalVariableImputer
git@github.com:solegalli/feature_engine,ba4d7050b3923d620c1773b66cd4c51ed24498dd,feature_engine,tests/test_missing_data_imputer.py::test_RandomSampleImputer
git@github.com:spulec/freezegun,b46da782a7a051081fd51577749cfc0074db0cc6,freezegun,tests/test_class_import.py::test_import_after_start
git@github.com:stateya/m3u-dump,1ec3eeedb4c650af76c6c66859375ca2d2a6e1bc,m3u-dump,tests/test_m3u_dump.py::test_command_line_already_playlist
git@github.com:stephen1000/enpyronments,0848c55a2a1b132b3beba94265c103ba49385c8f,enpyronments,tests/test_settings.py::test_delitem
git@github.com:stfc/fparser,4be91d2e1078fa5588e84a3299131f297afba675,fparser,src/fparser/one/tests/test_parsefortran.py::test_log_cache
git@github.com:stfc/fparser,4be91d2e1078fa5588e84a3299131f297afba675,fparser,src/fparser/one/tests/test_parsefortran.py::test_log_empty
git@github.com:stfc/fparser,4be91d2e1078fa5588e84a3299131f297afba675,fparser,src/fparser/one/tests/test_parsefortran.py::test_log_failure
git@github.com:sttlr/spacedr,543f0d4dcdac4298a6c19145cd085322103c30d6,spacedr,tests/test_spacedr.py::test_create_card
git@github.com:sttlr/spacedr,543f0d4dcdac4298a6c19145cd085322103c30d6,spacedr,tests/test_spacedr.py::test_delete_card
git@github.com:sttlr/spacedr,543f0d4dcdac4298a6c19145cd085322103c30d6,spacedr,tests/test_spacedr.py::test_delete_deck
git@github.com:sushobhit27/multiindex,b631e60bd47558eca9067a0dc87f0e713cddc6f2,multiindex,multiindex/tests/test_multiindex.py::test_insert_overwrite
git@github.com:sushobhit27/multiindex,b631e60bd47558eca9067a0dc87f0e713cddc6f2,multiindex,multiindex/tests/test_multiindex.py::test_modify
git@github.com:sushobhit27/multiindex,b631e60bd47558eca9067a0dc87f0e713cddc6f2,multiindex,multiindex/tests/test_multiindex.py::test_remove
git@github.com:sushobhit27/multiindex,b631e60bd47558eca9067a0dc87f0e713cddc6f2,multiindex,multiindex/tests/test_multiindex_hashed_non_unique.py::test_modify
git@github.com:sushobhit27/multiindex,b631e60bd47558eca9067a0dc87f0e713cddc6f2,multiindex,multiindex/tests/test_multiindex_hashed_non_unique.py::test_remove
git@github.com:teamhide/pythondi,913e6a60fc5d02c3db385ad322f970ecec36969b,pythondi,tests/test_configure.py::test_configure
git@github.com:thesimj/envyaml,79a220cabb69d71397310d941de205610cf5e4cb,envyaml,tests/test_envyaml.py::test_it_should_not_fail_when_try_load_non_exist_default_file
git@github.com:thundra-io/thundra-lambda-agent-python,fcd1c2b0b309721d89bd35511bd6645ebd62a5bc,thundra-lambda-agent-python,tests/plugins/log/test_log_plugin.py::test_log_plugin_with_initialization
git@github.com:thundra-io/thundra-lambda-agent-python,fcd1c2b0b309721d89bd35511bd6645ebd62a5bc,thundra-lambda-agent-python,tests/plugins/trace/test_traceable.py::test_trace_args
git@github.com:thundra-io/thundra-lambda-agent-python,fcd1c2b0b309721d89bd35511bd6645ebd62a5bc,thundra-lambda-agent-python,tests/plugins/trace/test_traceable.py::test_trace_error
git@github.com:thundra-io/thundra-lambda-agent-python,fcd1c2b0b309721d89bd35511bd6645ebd62a5bc,thundra-lambda-agent-python,tests/plugins/trace/test_traceable.py::test_trace_return_values
git@github.com:thundra-io/thundra-lambda-agent-python,fcd1c2b0b309721d89bd35511bd6645ebd62a5bc,thundra-lambda-agent-python,tests/plugins/trace/test_traceable.py::test_trace_with_default_configs
git@github.com:tim-fi/pyecs,5cc3645e3ee0bc0af02aea438092f00910976ec6,pyecs,test/test_core.py::test_automatic_cleanup
git@github.com:tim-fi/pyecs,5cc3645e3ee0bc0af02aea438092f00910976ec6,pyecs,test/test_core.py::test_controller
git@github.com:tmurph/todo-sync,32915e9a1509aa2c4083613e256cb0d502c441aa,todo-sync,tests/test_asana.py::test_source_get_all_items_result
git@github.com:tmurph/todo-sync,32915e9a1509aa2c4083613e256cb0d502c441aa,todo-sync,tests/test_node.py::test_node_delete
git@github.com:tmurph/todo-sync,32915e9a1509aa2c4083613e256cb0d502c441aa,todo-sync,tests/test_node.py::test_node_insert_as_child
git@github.com:tmurph/todo-sync,32915e9a1509aa2c4083613e256cb0d502c441aa,todo-sync,tests/test_org.py::test_source_get_all_items_result
git@github.com:tukiains/cloudnetpy,26f2607b890630146469cfa410fce99438ceee3f,cloudnetpy,tests/unit/test_meta_for_old_files.py::test_fix_old_data_2
git@github.com:vkbo/novelWriter,559f2e53e410f9793ab08c2ef7ed308f75c92985,novelWriter,tests/test_project.py::testProjectNewCustom
git@github.com:vkbo/novelWriter,559f2e53e410f9793ab08c2ef7ed308f75c92985,novelWriter,tests/test_project.py::testProjectNewMinimal
git@github.com:vkbo/novelWriter,559f2e53e410f9793ab08c2ef7ed308f75c92985,novelWriter,tests/test_project.py::testProjectOpen
git@github.com:wilfredinni/coo,da9e75d46ed65599cd2223b029ac30c08496a80b,coo,tests/test_coo.py::test_schedule_time_zone_media
git@github.com:wilfredinni/marlin,85f4ae0080ee9a25c1b8d2e481725ac9c42ca99f,marlin-bookmark,tests/test_marlin.py::test_remove_bookmark
git@github.com:willsheffler/homog,5b49902ff3dea972f2c466abe7937546b50ee9f1,homog,homog/tests/test_homog.py::test_line_line_closest_points
git@github.com:ylaizet/alphanum_code,fb5cd313dc41f046aac01ff01d6e1561d17894a6,alphanum-code,tests/test_alphanum_code.py::test_init_code
git@github.com:zdhoward/aud,2dfc81dad3da78537e1b1c6f5cc5630ba5b837f9,aud,aud/test_aud.py::test_dir
git@github.com:zdhoward/aud,2dfc81dad3da78537e1b1c6f5cc5630ba5b837f9,aud,aud/test_aud.py::test_name
git@github.com:zerotosingularity/pdl,fd39c391101b3fe315631565a0f4eb7c99890789,pdl,tests/test_pdl.py::test_no_archive_url
